Hour,Procured
1,0.0
2,0.0
3,0.0
4,0.0
5,0.0
6,0.0
7,0.0
8,0.0
9,0.0
10,0.0
11,0.0
12,12005.59672131147
13,12224.511475409832
14,12346.363934426226
15,12396.537704918032
16,12393.298360655732
17,12492.970491803273
18,0.0
19,0.0
20,0.0
21,0.0
22,0.0
23,0.0
24,0.0
